work_year,experience_level,employment_type,job_title,salary_in_usd,employee_residence,company_location,company_size,arrangement_type,field,brain_drain
2020,MI,FT,Data Scientist,79833,DE,DE,L,On-site,Data Science,No
2020,SE,FT,Machine Learning Scientist,260000,JP,JP,S,On-site,Machine Learning and Artificial Intelligence,No
2020,SE,FT,Big Data Engineer,109024,GB,GB,M,Hybrid,Data Engineering,No
2020,MI,FT,Product Data Analyst,20000,HN,HN,S,On-site,Data Analysis,No
2020,SE,FT,Machine Learning Engineer,150000,US,US,L,Hybrid,Machine Learning and Artificial Intelligence,No
2020,EN,FT,Data Analyst,72000,US,US,L,Remote,Data Analysis,No
2020,SE,FT,Lead Data Scientist,190000,US,US,S,Remote,Data Science,No
2020,MI,FT,Data Scientist,35735,HU,HU,L,Hybrid,Data Science,No
2020,MI,FT,Business Data Analyst,135000,US,US,L,Remote,Data Analysis,No
2020,SE,FT,Lead Data Engineer,125000,NZ,NZ,S,Hybrid,Data Engineering,No
2020,EN,FT,Data Scientist,51321,FR,FR,S,On-site,Data Science,No
2020,MI,FT,Data Scientist,40481,IN,IN,L,On-site,Data Science,No
2020,EN,FT,Data Scientist,39916,FR,FR,M,On-site,Data Science,No
2020,MI,FT,Lead Data Analyst,87000,US,US,L,Remote,Data Analysis,No
2020,MI,FT,Data Analyst,85000,US,US,L,Remote,Data Analysis,No
2020,MI,FT,Data Analyst,8000,PK,PK,L,Hybrid,Data Analysis,No
2020,EN,FT,Data Engineer,41689,JP,JP,S,Remote,Data Engineering,No
2020,SE,FT,Big Data Engineer,114047,PL,GB,S,Remote,Data Engineering,Yes
2020,EN,FT,Data Science Consultant,5707,IN,IN,M,Hybrid,Data Science,No
2020,MI,FT,Lead Data Engineer,56000,PT,US,M,Remote,Data Engineering,Yes
2020,MI,FT,Machine Learning Engineer,43331,CN,CN,M,On-site,Machine Learning and Artificial Intelligence,No
2020,MI,FT,Product Data Analyst,6072,IN,IN,L,Remote,Data Analysis,No
2020,SE,FT,Data Engineer,47899,GR,GR,L,Hybrid,Data Engineering,No
2020,MI,FT,BI Data Analyst,98000,US,US,M,On-site,Data Analysis,No
2020,MI,FT,Lead Data Scientist,115000,AE,AE,L,On-site,Data Science,No
2020,EX,FT,Director of Data Science,325000,US,US,L,Remote,Data Science,No
2020,EN,FT,Research Scientist,42000,NL,NL,L,Hybrid,Academe,No
2020,SE,FT,Data Engineer,33511,MX,MX,S,On-site,Data Engineering,No
2020,EN,CT,Business Data Analyst,100000,US,US,L,Remote,Data Analysis,No
2020,SE,FT,Machine Learning Manager,117104,CA,CA,L,Hybrid,Machine Learning and Artificial Intelligence,No
2020,MI,FT,Data Engineering Manager,59303,DE,DE,S,Remote,Data Engineering,No
2020,EN,FT,Big Data Engineer,70000,US,US,L,Remote,Data Engineering,No
2020,SE,FT,Data Scientist,68428,GR,US,L,Remote,Data Science,Yes
2020,MI,FT,Research Scientist,450000,US,US,M,On-site,Academe,No
2020,MI,FT,Data Analyst,46759,FR,FR,L,Hybrid,Data Analysis,No
2020,MI,FT,Data Engineer,74130,AT,AT,L,Hybrid,Data Engineering,No
2020,MI,FT,Data Science Consultant,103000,US,US,L,Remote,Data Science,No
2020,EN,FT,Machine Learning Engineer,250000,US,US,L,Hybrid,Machine Learning and Artificial Intelligence,No
2020,EN,FT,Data Analyst,10000,NG,NG,S,Remote,Data Analysis,No
2020,EN,FT,Machine Learning Engineer,138000,US,US,S,Remote,Machine Learning and Artificial Intelligence,No
2020,MI,FT,Data Scientist,45760,PH,US,S,Remote,Data Science,Yes
2020,EX,FT,Data Engineering Manager,79833,ES,ES,L,Hybrid,Data Engineering,No
2020,MI,FT,Machine Learning Infrastructure Engineer,50180,PT,PT,M,On-site,Machine Learning and Artificial Intelligence,No
2020,MI,FT,Data Engineer,106000,US,US,L,Remote,Data Engineering,No
2020,MI,FT,Data Engineer,112872,GB,GB,L,Hybrid,Data Engineering,No
2020,EN,PT,ML Engineer,15966,DE,DE,S,Remote,Machine Learning and Artificial Intelligence,No
2020,MI,FT,Data Scientist,76958,GB,GB,S,Remote,Data Science,No
2020,SE,FT,Data Engineer,188000,US,US,L,Remote,Data Engineering,No
2020,MI,FT,Data Scientist,105000,US,US,L,Remote,Data Science,No
2020,MI,FT,Data Engineer,70139,FR,FR,L,Hybrid,Data Engineering,No
2020,EN,FT,Data Analyst,6072,IN,IN,S,On-site,Data Analysis,No
2020,EN,FT,Data Analyst,91000,US,US,L,Remote,Data Analysis,No
2020,EN,FT,AI Scientist,45896,DK,DK,S,Hybrid,Machine Learning and Artificial Intelligence,No
2020,EN,FT,Data Engineer,54742,PK,DE,L,Remote,Data Engineering,Yes
2020,SE,FL,Computer Vision Engineer,60000,RU,US,S,Remote,Machine Learning and Artificial Intelligence,Yes
2020,SE,FT,Principal Data Scientist,148261,DE,DE,M,Remote,Data Science,No
2020,MI,FT,Data Scientist,38776,ES,ES,M,Remote,Data Science,No
2020,MI,FT,Data Scientist,118000,US,US,M,Remote,Data Science,No
2020,SE,FT,Data Scientist,120000,US,US,L,Hybrid,Data Science,No
2020,MI,FT,Data Scientist,138350,US,US,M,Remote,Data Science,No
2020,MI,FT,Data Engineer,110000,US,US,L,Remote,Data Engineering,No
2020,MI,FT,Data Engineer,130800,ES,US,M,Remote,Data Engineering,Yes
2020,EN,PT,Data Scientist,21669,IT,IT,S,Hybrid,Data Science,No
2020,SE,FT,Data Scientist,412000,US,US,L,Remote,Data Science,No
2020,SE,FT,Machine Learning Engineer,45618,HR,HR,S,Remote,Machine Learning and Artificial Intelligence,No
2020,EN,FT,Data Scientist,62726,DE,DE,S,Hybrid,Data Science,No
2020,EN,FT,Data Scientist,49268,DE,DE,S,On-site,Data Science,No
2020,SE,FT,Data Science Manager,190200,US,US,M,Remote,Data Science,No
2020,EN,FT,Data Scientist,105000,US,US,S,Remote,Data Science,No
2020,SE,FT,Data Scientist,91237,AT,AT,S,On-site,Data Science,No
2020,MI,FT,Data Scientist,62726,FR,LU,S,Hybrid,Data Science,Yes
2020,MI,FT,Data Scientist,42197,FR,FR,S,Hybrid,Data Science,No
2021,EN,FT,Research Scientist,82528,GB,GB,L,Hybrid,Academe,No
2021,EX,FT,BI Data Analyst,150000,IN,US,L,Remote,Data Analysis,Yes
2021,EX,FT,Head of Data,235000,US,US,L,Remote,Head of Data,No
2021,SE,FT,Data Scientist,53192,FR,FR,L,Hybrid,Data Science,No
2021,MI,FT,BI Data Analyst,100000,US,US,M,Remote,Data Analysis,No
2021,MI,PT,3D Computer Vision Researcher,5409,IN,IN,M,Hybrid,Machine Learning and Artificial Intelligence,No
2021,MI,CT,ML Engineer,270000,US,US,L,Remote,Machine Learning and Artificial Intelligence,No
2021,EN,FT,Data Analyst,80000,US,US,M,Remote,Data Analysis,No
2021,SE,FT,Data Analytics Engineer,79197,DE,DE,L,Remote,Data Analysis,No
2021,MI,FT,Data Engineer,140000,US,US,L,Remote,Data Engineering,No
2021,MI,FT,Applied Data Scientist,54238,GB,CA,L,Hybrid,Data Science,Yes
2021,MI,FT,Machine Learning Engineer,47282,ES,ES,S,Remote,Machine Learning and Artificial Intelligence,No
2021,EX,FT,Director of Data Science,153667,IT,PL,L,Remote,Data Science,Yes
2021,MI,FT,Data Engineer,28476,PL,PL,L,Remote,Data Engineering,No
2021,EN,FT,Data Analyst,59102,FR,FR,M,Hybrid,Data Analysis,No
2021,MI,FT,Data Analytics Engineer,110000,US,US,L,Remote,Data Analysis,No
2021,SE,FT,Lead Data Analyst,170000,US,US,L,Remote,Data Analysis,No
2021,SE,FT,Data Analyst,80000,BG,US,S,Remote,Data Analysis,Yes
2021,SE,FT,Marketing Data Analyst,88654,GR,DK,L,Remote,Data Analysis,Yes
2021,EN,FT,Data Science Consultant,76833,DE,DE,S,Remote,Data Science,No
2021,MI,FT,Lead Data Analyst,19609,IN,IN,L,Remote,Data Analysis,No
2021,SE,FT,Lead Data Engineer,276000,US,US,L,On-site,Data Engineering,No
2021,EN,FT,Data Scientist,29751,IN,IN,L,Hybrid,Data Science,No
2021,MI,FT,Cloud Data Engineer,89294,SG,SG,L,Hybrid,Data Engineering,No
2021,EN,PT,AI Scientist,12000,BR,US,S,Remote,Machine Learning and Artificial Intelligence,Yes
2021,MI,FT,Financial Data Analyst,450000,US,US,L,Remote,Data Analysis,No
2021,EN,FT,Computer Vision Software Engineer,70000,US,US,M,Remote,Machine Learning and Artificial Intelligence,No
2021,MI,FT,Computer Vision Software Engineer,95746,DE,US,S,Remote,Machine Learning and Artificial Intelligence,Yes
2021,MI,FT,Data Analyst,75000,US,US,L,On-site,Data Analysis,No
2021,SE,FT,Data Engineer,150000,US,US,L,Remote,Data Engineering,No
2021,MI,FT,BI Data Analyst,36259,HU,US,L,Hybrid,Data Analysis,Yes
2021,MI,FT,Data Analyst,62000,US,US,L,On-site,Data Analysis,No
2021,MI,FT,Data Scientist,73000,US,US,L,On-site,Data Science,No
2021,MI,FT,Data Analyst,51519,GB,GB,L,Hybrid,Data Analysis,No
2021,MI,FT,Research Scientist,187442,CA,CA,L,Remote,Academe,No
2021,SE,FT,Data Engineer,115000,US,US,S,Remote,Data Engineering,No
2021,SE,FT,Data Engineer,150000,US,US,M,Remote,Data Engineering,No
2021,EN,FT,Data Engineer,30428,IN,IN,L,Remote,Data Engineering,No
2021,SE,FT,Machine Learning Engineer,94564,DE,DE,L,Hybrid,Machine Learning and Artificial Intelligence,No
2021,SE,FT,Director of Data Engineering,113476,GB,GB,M,Remote,Data Engineering,No
2021,SE,FT,Lead Data Engineer,103160,GB,GB,S,Remote,Data Engineering,No
2021,EN,PT,AI Scientist,12000,PK,US,M,Remote,Machine Learning and Artificial Intelligence,Yes
2021,MI,FT,Data Engineer,45391,NL,NL,L,Remote,Data Engineering,No
2021,EN,FT,Machine Learning Scientist,225000,US,US,L,Remote,Machine Learning and Artificial Intelligence,No
2021,MI,FT,Data Scientist,50000,NG,NG,L,Remote,Data Science,No
2021,MI,FT,Data Science Engineer,40189,GR,GR,M,Remote,Data Science,No
2021,EN,FT,Data Analyst,90000,US,US,S,Remote,Data Analysis,No
2021,MI,FT,Data Engineer,200000,US,US,L,Remote,Data Engineering,No
2021,MI,FT,Big Data Engineer,60000,ES,RO,M,Hybrid,Data Engineering,Yes
2021,SE,FT,Principal Data Engineer,200000,US,US,M,Remote,Data Engineering,No
2021,EN,FT,Data Analyst,50000,US,US,M,Remote,Data Analysis,No
2021,EN,FT,Applied Data Scientist,110037,GB,GB,L,On-site,Data Science,No
2021,EN,PT,Data Analyst,10354,ES,ES,M,Hybrid,Data Analysis,No
2021,MI,FT,Principal Data Scientist,151000,US,US,L,Remote,Data Science,No
2021,SE,FT,Machine Learning Scientist,120000,US,US,S,Hybrid,Machine Learning and Artificial Intelligence,No
2021,MI,FT,Data Scientist,9466,IN,IN,S,On-site,Data Science,No
2021,EN,FT,Machine Learning Engineer,20000,IN,IN,S,Remote,Machine Learning and Artificial Intelligence,No
2021,SE,FT,Lead Data Scientist,40570,IN,IN,L,Hybrid,Data Science,No
2021,EN,FT,Machine Learning Developer,100000,IQ,IQ,S,Hybrid,Machine Learning and Artificial Intelligence,No
2021,EN,FT,Data Scientist,49646,FR,FR,M,Hybrid,Data Science,No
2021,MI,FT,Applied Machine Learning Scientist,38400,VN,US,M,Remote,Machine Learning and Artificial Intelligence,Yes
2021,SE,FT,Computer Vision Engineer,24000,BR,BR,M,Remote,Machine Learning and Artificial Intelligence,No
2021,EN,FT,Data Scientist,100000,US,US,S,On-site,Data Science,No
2021,MI,FT,Data Analyst,90000,US,US,M,Remote,Data Analysis,No
2021,MI,FT,ML Engineer,63711,JP,JP,S,Hybrid,Machine Learning and Artificial Intelligence,No
2021,MI,FT,ML Engineer,77364,JP,JP,S,Hybrid,Machine Learning and Artificial Intelligence,No
2021,SE,FT,Principal Data Scientist,220000,US,US,L,On-site,Data Science,No
2021,EN,FT,Data Scientist,80000,US,US,M,Remote,Data Science,No
2021,MI,FT,Data Analyst,135000,US,US,L,Remote,Data Analysis,No
2021,SE,FT,Data Science Manager,240000,US,US,L,On-site,Data Science,No
2021,SE,FT,Data Engineering Manager,150000,US,US,L,On-site,Data Engineering,No
2021,MI,FT,Data Scientist,82500,US,US,S,Remote,Data Science,No
2021,MI,FT,Data Engineer,100000,US,US,L,Remote,Data Engineering,No
2021,SE,FT,Machine Learning Engineer,82744,BE,BE,M,Hybrid,Machine Learning and Artificial Intelligence,No
2021,MI,FT,Research Scientist,62649,FR,FR,M,Hybrid,Academe,No
2021,MI,FT,Data Engineer,90000,US,US,L,Remote,Data Engineering,No
2021,SE,FT,Data Engineering Manager,153000,US,US,L,Remote,Data Engineering,No
2021,SE,FT,Cloud Data Engineer,160000,BR,US,S,Remote,Data Engineering,Yes
2021,SE,FT,Director of Data Science,168000,JP,JP,S,On-site,Data Science,No
2021,MI,FT,Data Scientist,150000,US,US,M,Remote,Data Science,No
2021,MI,FT,Data Scientist,75774,CA,CA,L,Remote,Data Science,No
2021,EN,FT,Data Scientist,13400,UA,UA,L,Remote,Data Science,No
2021,SE,FT,Data Science Manager,144000,US,US,L,Remote,Data Science,No
2021,SE,FT,Data Science Engineer,127221,CA,CA,L,Hybrid,Data Science,No
2021,MI,FT,Data Scientist,119059,SG,IL,M,Remote,Data Science,Yes
2021,MI,FT,Applied Machine Learning Scientist,423000,US,US,L,Hybrid,Machine Learning and Artificial Intelligence,No
2021,SE,FT,Data Analytics Manager,120000,US,US,M,Remote,Data Analysis,No
2021,EN,FT,Machine Learning Engineer,125000,US,US,S,Remote,Machine Learning and Artificial Intelligence,No
2021,EX,FT,Head of Data,230000,RU,RU,L,Hybrid,Head of Data,No
2021,EX,FT,Head of Data Science,85000,RU,RU,M,On-site,Data Science,No
2021,MI,FT,Data Engineer,28369,MT,MT,L,Hybrid,Data Engineering,No
2021,EN,FT,Data Science Consultant,63831,DE,DE,L,Hybrid,Data Science,No
2021,EX,FT,Director of Data Science,130026,DE,DE,M,Hybrid,Data Science,No
2021,EN,FT,Data Engineer,80000,US,US,L,Remote,Data Engineering,No
2021,EX,FT,Director of Data Science,250000,US,US,L,On-site,Data Science,No
2021,EN,FT,BI Data Analyst,55000,US,US,S,Hybrid,Data Analysis,No
2021,MI,FT,Data Architect,150000,US,US,L,Remote,Data Engineering,No
2021,MI,FT,Data Architect,170000,US,US,L,Remote,Data Engineering,No
2021,MI,FT,Data Engineer,82528,GB,GB,L,Remote,Data Engineering,No
2021,EN,FT,Data Analyst,60000,US,US,S,Remote,Data Analysis,No
2021,SE,FT,Principal Data Scientist,235000,US,US,L,Remote,Data Science,No
2021,SE,FT,Research Scientist,60757,PT,PT,L,Hybrid,Academe,No
2021,SE,FT,Data Engineering Manager,174000,US,US,L,Remote,Data Engineering,No
2021,MI,FT,Data Scientist,2859,MX,MX,S,On-site,Data Science,No
2021,MI,FT,Data Scientist,40038,CL,CL,L,Remote,Data Science,No
2021,EN,FT,Machine Learning Engineer,81000,US,US,S,Hybrid,Machine Learning and Artificial Intelligence,No
2021,MI,FT,Data Scientist,5679,IN,US,S,Remote,Data Science,Yes
2021,MI,FT,Big Data Engineer,22611,IN,IN,L,On-site,Data Engineering,No
2021,MI,FT,Data Scientist,90734,DE,DE,L,Hybrid,Data Science,No
2021,MI,FT,Data Engineer,26005,RO,US,L,On-site,Data Engineering,Yes
2021,SE,FT,Finance Data Analyst,61896,GB,GB,L,Hybrid,Data Analysis,No
2021,MI,FL,Machine Learning Scientist,12000,PK,PK,M,Hybrid,Machine Learning and Artificial Intelligence,No
2021,MI,FT,Data Engineer,4000,IR,IR,M,Remote,Data Engineering,No
2021,SE,FT,Data Analytics Engineer,50000,VN,GB,M,Remote,Data Analysis,Yes
2021,EX,FT,Data Science Consultant,69741,FR,ES,S,Remote,Data Science,Yes
2021,SE,FT,Data Engineer,76833,RO,GB,S,Hybrid,Data Engineering,Yes
2021,MI,FT,Machine Learning Engineer,74000,JP,JP,S,Hybrid,Machine Learning and Artificial Intelligence,No
2021,SE,FT,Data Science Manager,152000,US,FR,L,Remote,Data Science,Yes
2021,EN,FT,Machine Learning Engineer,21844,CO,CO,M,Hybrid,Machine Learning and Artificial Intelligence,No
2021,MI,FT,Big Data Engineer,18000,MD,MD,S,On-site,Data Engineering,No
2021,SE,FT,Data Science Manager,174000,US,US,L,Remote,Data Science,No
2021,SE,FT,Research Scientist,96113,CA,CA,L,Hybrid,Academe,No
2021,MI,FT,Data Scientist,147000,US,US,L,Hybrid,Data Science,No
2021,EN,FT,BI Data Analyst,9272,KE,KE,S,Remote,Data Analysis,No
2021,SE,FT,Machine Learning Engineer,24342,IN,IN,L,Remote,Machine Learning and Artificial Intelligence,No
2021,SE,FT,Data Science Manager,54094,IN,US,L,Hybrid,Data Science,Yes
2021,EN,FT,Data Science Consultant,90000,US,US,S,Remote,Data Science,No
2021,MI,FT,Data Scientist,61467,DE,AT,M,Hybrid,Data Science,Yes
2021,SE,FT,Machine Learning Infrastructure Engineer,195000,US,US,M,Remote,Machine Learning and Artificial Intelligence,No
2021,MI,FT,Data Scientist,37825,ES,ES,L,Remote,Data Science,No
2021,SE,FT,Research Scientist,50000,FR,US,S,Remote,Academe,Yes
2021,MI,FT,Data Scientist,160000,US,US,L,Remote,Data Science,No
2021,MI,FT,Data Scientist,12901,BR,BR,S,On-site,Data Science,No
2021,SE,FT,Machine Learning Engineer,200000,US,US,L,Remote,Machine Learning and Artificial Intelligence,No
2021,SE,FT,Data Engineer,165000,US,US,M,On-site,Data Engineering,No
2021,MI,FL,Data Engineer,20000,IT,US,L,On-site,Data Engineering,Yes
2021,SE,FT,Data Analytics Manager,120000,US,US,L,On-site,Data Analysis,No
2021,MI,FT,Machine Learning Engineer,24823,SI,SI,L,Hybrid,Machine Learning and Artificial Intelligence,No
2021,MI,FT,Research Scientist,56738,FR,FR,S,Hybrid,Academe,No
2021,MI,FT,Data Engineer,66022,HK,GB,S,Hybrid,Data Engineering,Yes
2021,EN,FT,Big Data Engineer,5882,IN,CH,L,On-site,Data Engineering,Yes
2021,EN,FT,Machine Learning Engineer,24823,DE,DE,M,Hybrid,Machine Learning and Artificial Intelligence,No
2021,SE,FT,Principal Data Engineer,185000,US,US,L,Remote,Data Engineering,No
2021,EN,PT,Computer Vision Engineer,28609,DK,DK,S,Hybrid,Machine Learning and Artificial Intelligence,No
2021,MI,FT,Data Scientist,90734,DE,DE,L,Hybrid,Data Science,No
2021,MI,FT,Machine Learning Engineer,88654,BE,BE,M,Remote,Machine Learning and Artificial Intelligence,No
2021,SE,FT,Data Analytics Manager,140000,US,US,L,Remote,Data Analysis,No
2021,MI,FT,Machine Learning Engineer,46597,PL,PL,L,Remote,Machine Learning and Artificial Intelligence,No
2021,MI,FT,Data Scientist,116914,GB,GB,L,Hybrid,Data Science,No
2021,MI,FT,Data Scientist,33808,IN,IN,M,On-site,Data Science,No
2021,MI,FT,Data Scientist,56256,GB,GB,L,Hybrid,Data Science,No
2021,SE,FT,Machine Learning Scientist,225000,US,CA,L,Remote,Machine Learning and Artificial Intelligence,Yes
2021,EX,CT,Principal Data Scientist,416000,US,US,S,Remote,Data Science,No
2021,SE,FT,Data Scientist,87738,CA,CA,S,Remote,Data Science,No
2021,MI,FT,Data Scientist,88654,DE,DE,L,Hybrid,Data Science,No
2021,SE,FT,Data Scientist,135000,US,US,L,On-site,Data Science,No
2021,SE,FT,Data Analyst,71786,CA,CA,M,Remote,Data Analysis,No
2021,EN,FT,Big Data Engineer,16228,IN,IN,L,Remote,Data Engineering,No
2021,SE,FT,ML Engineer,256000,US,US,S,Remote,Machine Learning and Artificial Intelligence,No
2021,SE,FT,Director of Data Engineering,200000,US,US,L,Remote,Data Engineering,No
2021,SE,FT,Data Analyst,200000,US,US,L,Remote,Data Analysis,No
2021,MI,FT,Data Architect,180000,US,US,L,Remote,Data Engineering,No
2021,MI,FT,Head of Data Science,110000,US,US,S,On-site,Data Science,No
2021,MI,FT,Research Scientist,63810,CA,CA,M,Remote,Academe,No
2021,MI,FT,Data Scientist,46809,ES,ES,M,Remote,Data Science,No
2021,EN,FT,Data Scientist,4000,VN,VN,M,On-site,Data Science,No
2021,EN,FT,Data Engineer,21637,IN,IN,M,Hybrid,Data Engineering,No
2021,SE,FT,Data Scientist,103691,CA,CA,L,Remote,Data Science,No
2021,MI,FT,Data Analyst,80000,US,US,L,Remote,Data Analysis,No
2021,MI,FT,Data Engineer,110000,US,US,L,Remote,Data Engineering,No
2021,SE,FT,Data Scientist,165000,US,US,L,Remote,Data Science,No
2021,EN,FT,AI Scientist,18053,IN,AS,S,Remote,Machine Learning and Artificial Intelligence,Yes
2021,MI,FT,Data Engineer,72212,GB,GB,L,Hybrid,Data Engineering,No
2021,EN,FT,Data Scientist,36643,FR,FR,L,Hybrid,Data Science,No
2021,MI,FT,Data Engineer,12103,TR,TR,M,On-site,Data Engineering,No
2021,SE,FT,Data Engineer,96282,GB,GB,L,Hybrid,Data Engineering,No
2021,SE,FT,Principal Data Analyst,170000,US,US,M,Remote,Data Analysis,No
2021,MI,FT,Data Scientist,115000,US,US,L,Hybrid,Data Science,No
2021,EN,FT,Data Scientist,90000,US,US,S,Remote,Data Science,No
2021,EX,FT,Principal Data Engineer,600000,US,US,L,Remote,Data Engineering,No
2021,EN,FT,Data Scientist,28399,IN,IN,M,Remote,Data Science,No
2021,MI,FT,Data Analyst,93000,US,US,L,Remote,Data Analysis,No
2021,SE,FT,Big Data Architect,99703,CA,CA,M,Hybrid,Data Engineering,No
2021,MI,FT,Data Engineer,200000,US,US,L,Remote,Data Engineering,No
2021,SE,FT,Principal Data Scientist,173762,DE,DE,M,Remote,Data Science,No
2021,SE,FT,Machine Learning Engineer,185000,US,US,L,Hybrid,Machine Learning and Artificial Intelligence,No
2021,EX,FT,Director of Data Science,141846,DE,DE,L,On-site,Data Science,No
2021,MI,FT,Data Scientist,130000,US,US,L,Hybrid,Data Science,No
2021,SE,FT,Data Analyst,63831,DE,DE,L,Hybrid,Data Analysis,No
2021,MI,FT,Data Scientist,16904,IN,IN,S,Remote,Data Science,No
2021,SE,FT,Machine Learning Engineer,66265,IN,IN,L,On-site,Machine Learning and Artificial Intelligence,No
2021,MI,FT,Data Scientist,25532,RS,DE,S,Remote,Data Science,Yes
2021,SE,FT,Lead Data Engineer,160000,PR,US,S,Hybrid,Data Engineering,Yes
2021,MI,FT,Data Engineer,93150,US,US,M,On-site,Data Engineering,No
2021,MI,FT,Data Engineer,111775,US,US,M,On-site,Data Engineering,No
2021,MI,FT,Data Engineer,28016,TR,TR,M,Remote,Data Engineering,No
2021,EN,FT,Data Engineer,65013,DE,DE,M,Hybrid,Data Engineering,No
2021,EN,FT,Data Engineer,72500,US,US,L,Remote,Data Engineering,No
2021,SE,FT,Computer Vision Engineer,18907,BR,BR,M,On-site,Machine Learning and Artificial Intelligence,No
2021,EN,FT,Data Science Consultant,76833,DE,DE,L,On-site,Data Science,No
2021,EN,FT,Machine Learning Engineer,85000,NL,DE,S,Remote,Machine Learning and Artificial Intelligence,Yes
2021,SE,FT,Data Scientist,77684,FR,FR,M,Hybrid,Data Science,No
2021,EN,FT,Data Scientist,100000,US,US,M,Remote,Data Science,No
2021,EN,FT,Data Scientist,58000,US,US,L,Hybrid,Data Science,No
2021,SE,FT,AI Scientist,55000,ES,ES,L,Remote,Machine Learning and Artificial Intelligence,No
2021,SE,FT,Data Scientist,20171,TR,TR,L,Hybrid,Data Science,No
2021,EN,FT,Business Data Analyst,59102,LU,LU,L,Remote,Data Analysis,No
2021,MI,FT,Data Engineer,112000,US,US,L,Remote,Data Engineering,No
2021,EN,FT,Research Scientist,100000,JE,CN,L,On-site,Academe,Yes
2021,MI,PT,Data Engineer,69741,NL,NL,L,Remote,Data Engineering,No
2021,SE,CT,Staff Data Scientist,105000,US,US,M,Remote,Data Science,No
2021,MI,FT,Research Scientist,69999,CZ,CZ,L,Hybrid,Academe,No
2021,SE,FT,Data Science Manager,94665,IN,IN,L,Hybrid,Data Science,No
2021,SE,FT,Head of Data,102839,SI,SI,L,Remote,Head of Data,No
2021,MI,FT,Data Scientist,109000,US,US,L,Hybrid,Data Science,No
2021,MI,FT,Machine Learning Engineer,51064,IT,IT,L,Hybrid,Machine Learning and Artificial Intelligence,No
2022,SE,FT,Data Engineer,135000,US,US,M,Remote,Data Engineering,No
2022,SE,FT,Data Analyst,155000,US,US,M,Remote,Data Analysis,No
2022,SE,FT,Data Analyst,120600,US,US,M,Remote,Data Analysis,No
2022,MI,FT,Data Scientist,130000,US,US,M,On-site,Data Science,No
2022,MI,FT,Data Scientist,90000,US,US,M,On-site,Data Science,No
2022,MI,FT,Data Engineer,170000,US,US,M,Remote,Data Engineering,No
2022,MI,FT,Data Engineer,150000,US,US,M,Remote,Data Engineering,No
2022,SE,FT,Data Analyst,102100,US,US,M,Remote,Data Analysis,No
2022,SE,FT,Data Analyst,84900,US,US,M,Remote,Data Analysis,No
2022,SE,FT,Data Scientist,136620,US,US,M,Remote,Data Science,No
2022,SE,FT,Data Scientist,99360,US,US,M,Remote,Data Science,No
2022,SE,FT,Data Scientist,117789,GB,GB,M,On-site,Data Science,No
2022,SE,FT,Data Scientist,104702,GB,GB,M,On-site,Data Science,No
2022,SE,FT,Data Scientist,146000,US,US,M,Remote,Data Science,No
2022,SE,FT,Data Scientist,123000,US,US,M,Remote,Data Science,No
2022,EN,FT,Data Engineer,52351,GB,GB,M,Remote,Data Engineering,No
2022,SE,FT,Data Analyst,99000,US,US,M,On-site,Data Analysis,No
2022,SE,FT,Data Analyst,116000,US,US,M,On-site,Data Analysis,No
2022,MI,FT,Data Analyst,106260,US,US,M,On-site,Data Analysis,No
2022,MI,FT,Data Analyst,126500,US,US,M,On-site,Data Analysis,No
2022,EX,FT,Data Engineer,242000,US,US,M,Remote,Data Engineering,No
2022,EX,FT,Data Engineer,200000,US,US,M,Remote,Data Engineering,No
2022,MI,FT,Data Scientist,65438,GB,GB,M,On-site,Data Science,No
2022,MI,FT,Data Scientist,39263,GB,GB,M,On-site,Data Science,No
2022,MI,FT,Data Engineer,78526,GB,GB,M,On-site,Data Engineering,No
2022,MI,FT,Data Engineer,52351,GB,GB,M,On-site,Data Engineering,No
2022,SE,FT,Data Scientist,165220,US,US,M,Remote,Data Science,No
2022,EN,FT,Data Engineer,45807,GB,GB,M,Remote,Data Engineering,No
2022,SE,FT,Data Scientist,120160,US,US,M,Remote,Data Science,No
2022,SE,FT,Data Analyst,90320,US,US,M,Remote,Data Analysis,No
2022,SE,FT,Data Engineer,181940,US,US,M,On-site,Data Engineering,No
2022,SE,FT,Data Engineer,132320,US,US,M,On-site,Data Engineering,No
2022,SE,FT,Data Engineer,220110,US,US,M,On-site,Data Engineering,No
2022,SE,FT,Data Engineer,160080,US,US,M,On-site,Data Engineering,No
2022,SE,FT,Data Scientist,180000,US,US,L,On-site,Data Science,No
2022,SE,FT,Data Scientist,120000,US,US,L,On-site,Data Science,No
2022,SE,FT,Data Analyst,124190,US,US,M,Remote,Data Analysis,No
2022,EX,FT,Data Analyst,130000,US,US,M,Remote,Data Analysis,No
2022,EX,FT,Data Analyst,110000,US,US,M,Remote,Data Analysis,No
2022,SE,FT,Data Analyst,170000,US,US,M,Remote,Data Analysis,No
2022,MI,FT,Data Analyst,115500,US,US,M,Remote,Data Analysis,No
2022,SE,FT,Data Analyst,112900,US,US,M,Remote,Data Analysis,No
2022,SE,FT,Data Analyst,90320,US,US,M,Remote,Data Analysis,No
2022,SE,FT,Data Analyst,112900,US,US,M,Remote,Data Analysis,No
2022,SE,FT,Data Analyst,90320,US,US,M,Remote,Data Analysis,No
2022,SE,FT,Data Engineer,165400,US,US,M,Remote,Data Engineering,No
2022,SE,FT,Data Engineer,132320,US,US,M,Remote,Data Engineering,No
2022,MI,FT,Data Analyst,167000,US,US,M,Remote,Data Analysis,No
2022,SE,FT,Data Engineer,243900,US,US,M,Remote,Data Engineering,No
2022,SE,FT,Data Analyst,136600,US,US,M,Remote,Data Analysis,No
2022,SE,FT,Data Analyst,109280,US,US,M,Remote,Data Analysis,No
2022,SE,FT,Data Engineer,128875,US,US,M,Remote,Data Engineering,No
2022,SE,FT,Data Engineer,93700,US,US,M,Remote,Data Engineering,No
2022,EX,FT,Head of Data Science,224000,US,US,M,Remote,Data Science,No
2022,EX,FT,Head of Data Science,167875,US,US,M,Remote,Data Science,No
2022,EX,FT,Analytics Engineer,175000,US,US,M,Remote,Data Analysis,No
2022,SE,FT,Data Engineer,156600,US,US,M,Remote,Data Engineering,No
2022,SE,FT,Data Engineer,108800,US,US,M,On-site,Data Engineering,No
2022,SE,FT,Data Scientist,95550,US,US,M,On-site,Data Science,No
2022,SE,FT,Data Engineer,113000,US,US,L,On-site,Data Engineering,No
2022,SE,FT,Data Analyst,135000,US,US,M,Remote,Data Analysis,No
2022,SE,FT,Data Science Manager,161342,US,US,M,Remote,Data Science,No
2022,SE,FT,Data Science Manager,137141,US,US,M,Remote,Data Science,No
2022,SE,FT,Data Scientist,167000,US,US,M,Remote,Data Science,No
2022,SE,FT,Data Scientist,123000,US,US,M,Remote,Data Science,No
2022,SE,FT,Data Engineer,78526,GB,GB,M,On-site,Data Engineering,No
2022,SE,FT,Data Engineer,65438,GB,GB,M,On-site,Data Engineering,No
2022,SE,FT,Data Scientist,150000,US,US,M,On-site,Data Science,No
2022,SE,FT,Data Scientist,211500,US,US,M,Remote,Data Science,No
2022,SE,FT,Data Architect,192400,CA,CA,M,Remote,Data Engineering,No
2022,SE,FT,Data Architect,90700,CA,CA,M,Remote,Data Engineering,No
2022,SE,FT,Data Analyst,130000,CA,CA,M,Remote,Data Analysis,No
2022,SE,FT,Data Analyst,61300,CA,CA,M,Remote,Data Analysis,No
2022,SE,FT,Data Analyst,130000,CA,CA,M,Remote,Data Analysis,No
2022,SE,FT,Data Analyst,61300,CA,CA,M,Remote,Data Analysis,No
2022,SE,FT,Data Engineer,160000,US,US,L,On-site,Data Engineering,No
2022,SE,FT,Data Scientist,138600,US,US,M,Remote,Data Science,No
2022,SE,FT,Data Engineer,136000,US,US,M,On-site,Data Engineering,No
2022,MI,FT,Data Analyst,58000,US,US,S,On-site,Data Analysis,No
2022,EX,FT,Analytics Engineer,135000,US,US,M,Remote,Data Analysis,No
2022,SE,FT,Data Scientist,170000,US,US,M,Remote,Data Science,No
2022,SE,FT,Data Scientist,123000,US,US,M,Remote,Data Science,No
2022,SE,FT,Machine Learning Engineer,189650,US,US,M,On-site,Machine Learning and Artificial Intelligence,No
2022,SE,FT,Machine Learning Engineer,164996,US,US,M,On-site,Machine Learning and Artificial Intelligence,No
2022,MI,FT,ETL Developer,54957,GR,GR,M,On-site,Data Engineering,No
2022,MI,FT,ETL Developer,54957,GR,GR,M,On-site,Data Engineering,No
2022,EX,FT,Lead Data Engineer,118187,CA,CA,S,Remote,Data Engineering,No
2022,SE,FT,Data Analyst,132000,US,US,M,On-site,Data Analysis,No
2022,SE,FT,Data Engineer,165400,US,US,M,Remote,Data Engineering,No
2022,SE,FT,Data Architect,208775,US,US,M,Remote,Data Engineering,No
2022,SE,FT,Data Architect,147800,US,US,M,Remote,Data Engineering,No
2022,SE,FT,Data Engineer,136994,US,US,M,Remote,Data Engineering,No
2022,SE,FT,Data Engineer,101570,US,US,M,Remote,Data Engineering,No
2022,SE,FT,Data Analyst,128875,US,US,M,Remote,Data Analysis,No
2022,SE,FT,Data Analyst,93700,US,US,M,Remote,Data Analysis,No
2022,EX,FT,Head of Machine Learning,79039,IN,IN,L,Hybrid,Machine Learning and Artificial Intelligence,No
2022,SE,FT,Data Engineer,132320,US,US,M,Remote,Data Engineering,No
2022,EN,FT,Machine Learning Engineer,37300,GB,GB,L,Remote,Machine Learning and Artificial Intelligence,No
2022,SE,FT,Data Analyst,164000,US,US,M,On-site,Data Analysis,No
2022,SE,FT,Data Engineer,155000,US,US,M,Remote,Data Engineering,No
2022,MI,FT,Machine Learning Engineer,124333,GB,GB,M,On-site,Machine Learning and Artificial Intelligence,No
2022,MI,FT,Machine Learning Engineer,98158,GB,GB,M,On-site,Machine Learning and Artificial Intelligence,No
2022,MI,FT,AI Scientist,120000,US,US,M,On-site,Machine Learning and Artificial Intelligence,No
2022,SE,FT,Data Analyst,112900,US,US,M,Remote,Data Analysis,No
2022,SE,FT,Data Analyst,90320,US,US,M,Remote,Data Analysis,No
2022,SE,FT,Data Analytics Manager,145000,US,US,M,Remote,Data Analysis,No
2022,SE,FT,Data Analytics Manager,105400,US,US,M,Remote,Data Analysis,No
2022,MI,FT,Machine Learning Engineer,87932,FR,DE,M,Remote,Machine Learning and Artificial Intelligence,Yes
2022,MI,FT,Data Engineer,117789,GB,GB,M,On-site,Data Engineering,No
2022,SE,FT,Data Scientist,215300,US,US,L,Remote,Data Science,No
2022,SE,FT,Data Scientist,158200,US,US,L,Remote,Data Science,No
2022,SE,FT,Data Engineer,209100,US,US,L,Remote,Data Engineering,No
2022,SE,FT,Data Engineer,154600,US,US,L,Remote,Data Engineering,No
2022,SE,FT,Data Analyst,115934,US,US,M,On-site,Data Analysis,No
2022,SE,FT,Data Analyst,81666,US,US,M,On-site,Data Analysis,No
2022,SE,FT,Data Engineer,175000,US,US,M,Remote,Data Engineering,No
2022,MI,FT,Data Engineer,98158,GB,GB,M,On-site,Data Engineering,No
2022,MI,FT,Data Analyst,58000,US,US,S,On-site,Data Analysis,No
2022,SE,FT,Data Engineer,183600,US,US,L,Remote,Data Engineering,No
2022,MI,FT,Data Analyst,52351,GB,GB,M,Remote,Data Analysis,No
2022,SE,FT,Data Scientist,180000,US,US,M,Remote,Data Science,No
2022,MI,FT,Data Scientist,71982,GB,GB,M,On-site,Data Science,No
2022,MI,FT,Data Scientist,45807,GB,GB,M,On-site,Data Science,No
2022,MI,FT,Data Engineer,65949,GR,GR,M,Remote,Data Engineering,No
2022,MI,FT,Data Engineer,49461,GR,GR,M,Remote,Data Engineering,No
2022,MI,FT,Data Engineer,78526,GB,GB,M,Remote,Data Engineering,No
2022,MI,FT,Data Engineer,58894,GB,GB,M,Remote,Data Engineering,No
2022,SE,FT,Data Scientist,260000,US,US,M,Remote,Data Science,No
2022,SE,FT,Data Science Engineer,60000,AR,MX,L,Remote,Data Science,Yes
2022,MI,FT,Data Engineer,63900,US,US,M,On-site,Data Engineering,No
2022,MI,FT,Machine Learning Scientist,160000,US,US,L,Remote,Machine Learning and Artificial Intelligence,No
2022,MI,FT,Machine Learning Scientist,112300,US,US,L,Remote,Machine Learning and Artificial Intelligence,No
2022,MI,FT,Data Science Manager,241000,US,US,M,Remote,Data Science,No
2022,MI,FT,Data Science Manager,159000,US,US,M,Remote,Data Science,No
2022,SE,FT,Data Scientist,180000,US,US,M,On-site,Data Science,No
2022,SE,FT,Data Scientist,80000,US,US,M,On-site,Data Science,No
2022,MI,FT,Data Engineer,82900,US,US,M,On-site,Data Engineering,No
2022,SE,FT,Data Engineer,100800,US,US,L,Remote,Data Engineering,No
2022,MI,FT,Data Engineer,49461,ES,ES,M,Remote,Data Engineering,No
2022,SE,FT,Data Scientist,140400,US,US,L,On-site,Data Science,No
2022,MI,FT,Data Analyst,39263,GB,GB,M,Remote,Data Analysis,No
2022,MI,FT,Data Analyst,43966,ES,ES,M,Remote,Data Analysis,No
2022,MI,FT,Data Analyst,32974,ES,ES,M,Remote,Data Analysis,No
2022,MI,FT,Data Engineer,87932,ES,ES,M,Remote,Data Engineering,No
2022,MI,FT,Data Engineer,76940,ES,ES,M,Remote,Data Engineering,No
2022,MI,FT,Data Engineer,104702,GB,GB,M,Remote,Data Engineering,No
2022,MI,FT,Data Engineer,91614,GB,GB,M,Remote,Data Engineering,No
2022,MI,FT,Data Engineer,65949,ES,ES,M,Remote,Data Engineering,No
2022,MI,FT,Data Engineer,87932,GR,GR,M,Remote,Data Engineering,No
2022,SE,FT,Machine Learning Engineer,189650,US,US,M,On-site,Machine Learning and Artificial Intelligence,No
2022,SE,FT,Machine Learning Engineer,164996,US,US,M,On-site,Machine Learning and Artificial Intelligence,No
2022,MI,FT,Data Analyst,43966,GR,GR,M,Remote,Data Analysis,No
2022,MI,FT,Data Analyst,32974,GR,GR,M,Remote,Data Analysis,No
2022,MI,FT,Data Engineer,98158,GB,GB,M,Remote,Data Engineering,No
2022,MI,FT,Data Engineer,78526,GB,GB,M,Remote,Data Engineering,No
2022,SE,FT,Data Scientist,215300,US,US,L,On-site,Data Science,No
2022,MI,FT,Data Engineer,76940,GR,GR,M,Remote,Data Engineering,No
2022,SE,FT,Data Engineer,209100,US,US,L,Remote,Data Engineering,No
2022,SE,FT,Data Engineer,154600,US,US,L,Remote,Data Engineering,No
2022,SE,FT,Data Engineer,180000,US,US,M,Remote,Data Engineering,No
2022,EN,FT,ML Engineer,21983,PT,PT,L,Remote,Machine Learning and Artificial Intelligence,No
2022,SE,FT,Data Engineer,80000,US,US,M,Remote,Data Engineering,No
2022,MI,FT,Machine Learning Developer,78791,CA,CA,M,Remote,Machine Learning and Artificial Intelligence,No
2022,EX,FT,Director of Data Science,196979,CA,CA,L,Hybrid,Data Science,No
2022,MI,FT,Machine Learning Engineer,120000,US,US,S,Remote,Machine Learning and Artificial Intelligence,No
2022,EN,FT,Computer Vision Engineer,125000,US,US,M,On-site,Machine Learning and Artificial Intelligence,No
2022,MI,FT,NLP Engineer,37236,US,US,L,Hybrid,Machine Learning and Artificial Intelligence,No
2022,SE,FT,Data Engineer,105000,US,US,M,Remote,Data Engineering,No
2022,SE,FT,Lead Machine Learning Engineer,87932,DE,DE,M,On-site,Machine Learning and Artificial Intelligence,No
2022,MI,FT,Business Data Analyst,18442,IN,IN,M,Remote,Data Analysis,No
2022,MI,FT,Data Scientist,31615,IN,IN,L,Remote,Data Science,No
2022,MI,FT,Machine Learning Infrastructure Engineer,58255,PT,PT,L,Hybrid,Machine Learning and Artificial Intelligence,No
2022,EN,FT,Financial Data Analyst,100000,US,US,L,Hybrid,Data Analysis,No
2022,MI,PT,Data Engineer,54957,DE,DE,L,Hybrid,Data Engineering,No
2022,EN,FT,Data Scientist,18442,IN,IN,M,Remote,Data Science,No
2022,SE,FT,Principal Data Scientist,162674,DE,DE,M,Remote,Data Science,No
2022,EN,FT,Data Engineer,120000,US,US,M,Remote,Data Engineering,No
2022,SE,FT,Research Scientist,144000,US,US,L,Hybrid,Academe,No
2022,SE,FT,Data Scientist,104890,US,US,M,Remote,Data Science,No
2022,SE,FT,Data Engineer,100000,US,US,M,Remote,Data Engineering,No
2022,SE,FT,Data Scientist,140000,US,US,M,Remote,Data Science,No
2022,MI,FT,Data Analyst,135000,US,US,M,Remote,Data Analysis,No
2022,MI,FT,Data Analyst,50000,US,US,M,Remote,Data Analysis,No
2022,SE,FT,Data Scientist,220000,US,US,M,Remote,Data Science,No
2022,SE,FT,Data Scientist,140000,US,US,M,Remote,Data Science,No
2022,MI,FT,Data Scientist,183228,GB,GB,M,On-site,Data Science,No
2022,MI,FT,Data Scientist,91614,GB,GB,M,On-site,Data Science,No
2022,SE,FT,Data Scientist,185100,US,US,M,Remote,Data Science,No
2022,SE,FT,Machine Learning Engineer,220000,US,US,M,Remote,Machine Learning and Artificial Intelligence,No
2022,MI,FT,Data Scientist,200000,US,US,M,Remote,Data Science,No
2022,MI,FT,Data Scientist,120000,US,US,M,Remote,Data Science,No
2022,SE,FT,Machine Learning Engineer,120000,AE,AE,S,Remote,Machine Learning and Artificial Intelligence,No
2022,SE,FT,Machine Learning Engineer,65000,AE,AE,S,Remote,Machine Learning and Artificial Intelligence,No
2022,EX,FT,Data Engineer,324000,US,US,M,Remote,Data Engineering,No
2022,EX,FT,Data Engineer,216000,US,US,M,Remote,Data Engineering,No
2022,SE,FT,Data Engineer,210000,US,US,M,Remote,Data Engineering,No
2022,SE,FT,Machine Learning Engineer,120000,US,US,M,Remote,Machine Learning and Artificial Intelligence,No
2022,SE,FT,Data Scientist,230000,US,US,M,Remote,Data Science,No
2022,EN,PT,Data Scientist,100000,DZ,DZ,M,Hybrid,Data Science,No
2022,MI,FL,Data Scientist,100000,CA,US,M,Remote,Data Science,Yes
2022,EN,CT,Applied Machine Learning Scientist,31875,TN,CZ,M,Remote,Machine Learning and Artificial Intelligence,Yes
2022,SE,FT,Head of Data,200000,MY,US,M,Remote,Head of Data,Yes
2022,MI,FT,Principal Data Analyst,75000,CA,CA,S,Remote,Data Analysis,No
2022,MI,FT,Data Scientist,35590,PL,PL,L,Remote,Data Science,No
2022,SE,FT,Machine Learning Developer,78791,CA,CA,M,Remote,Machine Learning and Artificial Intelligence,No
2022,SE,FT,Data Scientist,100000,BR,US,M,Remote,Data Science,Yes
2022,MI,FT,Machine Learning Scientist,153000,US,US,M,Hybrid,Machine Learning and Artificial Intelligence,No
2022,EN,FT,Data Engineer,58035,PK,DE,M,Remote,Data Engineering,Yes
2022,SE,FT,Data Scientist,165000,US,US,M,Remote,Data Science,No
2022,SE,FT,Research Scientist,93427,FR,FR,L,Hybrid,Academe,No
2022,EN,FT,Data Scientist,52396,CA,CA,L,Remote,Data Science,No
2022,SE,FT,Machine Learning Engineer,62651,NL,NL,L,Remote,Machine Learning and Artificial Intelligence,No
2022,MI,FT,Head of Data,32974,EE,EE,S,Remote,Head of Data,No
2022,EN,FT,Data Scientist,40000,JP,MY,L,Remote,Data Science,Yes
2022,MI,FT,Machine Learning Engineer,87425,AU,AU,L,Remote,Machine Learning and Artificial Intelligence,No
2022,SE,FT,Data Engineer,115000,US,US,M,Remote,Data Engineering,No
2022,EN,FT,Data Scientist,86703,AU,AU,M,Hybrid,Data Science,No
2022,MI,FT,Applied Machine Learning Scientist,75000,BO,US,L,Remote,Machine Learning and Artificial Intelligence,Yes
2022,MI,FT,Research Scientist,64849,AT,AT,L,On-site,Academe,No
2022,EN,FT,Research Scientist,120000,US,US,L,Remote,Academe,No
2022,MI,FT,Applied Data Scientist,157000,US,US,L,Remote,Data Science,No
2022,EN,FT,Computer Vision Software Engineer,150000,AU,AU,S,Remote,Machine Learning and Artificial Intelligence,No
2022,MI,FT,Business Data Analyst,70912,CA,CA,L,Hybrid,Data Analysis,No
2022,EN,FT,Data Engineer,65000,US,US,S,Remote,Data Engineering,No
2022,SE,FT,Machine Learning Engineer,71444,IE,IE,S,Remote,Machine Learning and Artificial Intelligence,No
2022,EN,FT,Data Analytics Engineer,20000,PK,PK,M,On-site,Data Analysis,No
2022,MI,FT,Data Scientist,48000,RU,US,S,Remote,Data Science,Yes
2022,SE,FT,Data Science Manager,152500,US,US,M,Remote,Data Science,No
2022,MI,FT,Data Engineer,68147,FR,FR,M,Remote,Data Engineering,No
2022,MI,FT,Data Scientist,122346,CH,CH,L,On-site,Data Science,No
2022,SE,FT,Applied Data Scientist,380000,US,US,L,Remote,Data Science,No
2022,MI,FT,Data Scientist,69336,CA,CA,M,Remote,Data Science,No
2022,EN,FT,Computer Vision Engineer,10000,PT,LU,M,Remote,Machine Learning and Artificial Intelligence,Yes
2022,MI,FT,Data Analyst,20000,GR,GR,S,Remote,Data Analysis,No
2022,SE,FT,Data Analytics Lead,405000,US,US,L,Remote,Data Analysis,No
2022,MI,FT,Data Scientist,135000,US,US,L,Remote,Data Science,No
2022,SE,FT,Applied Data Scientist,177000,US,US,L,Remote,Data Science,No
2022,MI,FT,Data Scientist,78000,US,US,M,Remote,Data Science,No
2022,SE,FT,Data Analyst,135000,US,US,M,Remote,Data Analysis,No
2022,SE,FT,Data Analyst,100000,US,US,M,Remote,Data Analysis,No
2022,SE,FT,Data Analyst,90320,US,US,M,Remote,Data Analysis,No
2022,MI,FT,Data Analyst,85000,CA,CA,M,On-site,Data Analysis,No
2022,MI,FT,Data Analyst,75000,CA,CA,M,On-site,Data Analysis,No
2022,SE,FT,Machine Learning Engineer,214000,US,US,M,Remote,Machine Learning and Artificial Intelligence,No
2022,SE,FT,Machine Learning Engineer,192600,US,US,M,Remote,Machine Learning and Artificial Intelligence,No
2022,SE,FT,Data Architect,266400,US,US,M,Remote,Data Engineering,No
2022,SE,FT,Data Architect,213120,US,US,M,Remote,Data Engineering,No
2022,SE,FT,Data Analyst,112900,US,US,M,Remote,Data Analysis,No
2022,SE,FT,Data Engineer,155000,US,US,M,Remote,Data Engineering,No
2022,MI,FT,Data Scientist,141300,US,US,M,On-site,Data Science,No
2022,MI,FT,Data Scientist,102100,US,US,M,On-site,Data Science,No
2022,SE,FT,Data Analyst,115934,US,US,M,Remote,Data Analysis,No
2022,SE,FT,Data Analyst,81666,US,US,M,Remote,Data Analysis,No
2022,MI,FT,Data Engineer,206699,US,US,M,On-site,Data Engineering,No
2022,MI,FT,Data Engineer,99100,US,US,M,On-site,Data Engineering,No
2022,SE,FT,Data Engineer,130000,US,US,M,Remote,Data Engineering,No
2022,SE,FT,Data Engineer,115000,US,US,M,Remote,Data Engineering,No
2022,SE,FT,Data Engineer,110500,US,US,M,Remote,Data Engineering,No
2022,SE,FT,Data Engineer,130000,US,US,M,Remote,Data Engineering,No
2022,SE,FT,Data Analyst,99050,US,US,M,Remote,Data Analysis,No
2022,SE,FT,Data Engineer,160000,US,US,M,Remote,Data Engineering,No
2022,SE,FT,Data Scientist,205300,US,US,L,On-site,Data Science,No
2022,SE,FT,Data Scientist,140400,US,US,L,On-site,Data Science,No
2022,SE,FT,Data Scientist,176000,US,US,M,Remote,Data Science,No
2022,SE,FT,Data Scientist,144000,US,US,M,Remote,Data Science,No
2022,SE,FT,Data Engineer,200100,US,US,M,Remote,Data Engineering,No
2022,SE,FT,Data Engineer,160000,US,US,M,Remote,Data Engineering,No
2022,SE,FT,Data Engineer,145000,US,US,M,Remote,Data Engineering,No
2022,SE,FT,Data Engineer,70500,US,US,M,On-site,Data Engineering,No
2022,SE,FT,Data Scientist,205300,US,US,M,On-site,Data Science,No
2022,SE,FT,Data Scientist,140400,US,US,M,On-site,Data Science,No
2022,SE,FT,Analytics Engineer,205300,US,US,M,On-site,Data Analysis,No
2022,SE,FT,Analytics Engineer,184700,US,US,M,On-site,Data Analysis,No
2022,SE,FT,Data Engineer,175100,US,US,M,Remote,Data Engineering,No
2022,SE,FT,Data Engineer,140250,US,US,M,Remote,Data Engineering,No
2022,SE,FT,Data Analyst,116150,US,US,M,Remote,Data Analysis,No
2022,SE,FT,Data Engineer,54000,US,US,M,On-site,Data Engineering,No
2022,SE,FT,Data Analyst,170000,US,US,M,Remote,Data Analysis,No
2022,MI,FT,Data Analyst,65438,GB,GB,M,On-site,Data Analysis,No
2022,SE,FT,Data Analyst,80000,US,US,M,Remote,Data Analysis,No
2022,SE,FT,Data Scientist,140000,US,US,M,Remote,Data Science,No
2022,SE,FT,Data Scientist,210000,US,US,M,Remote,Data Science,No
2022,SE,FT,Data Scientist,140000,US,US,M,Remote,Data Science,No
2022,SE,FT,Data Analyst,100000,US,US,M,Remote,Data Analysis,No
2022,SE,FT,Data Analyst,69000,US,US,M,Remote,Data Analysis,No
2022,SE,FT,Data Scientist,210000,US,US,M,Remote,Data Science,No
2022,SE,FT,Data Scientist,140000,US,US,M,Remote,Data Science,No
2022,SE,FT,Data Scientist,210000,US,US,M,Remote,Data Science,No
2022,SE,FT,Data Analyst,150075,US,US,M,Remote,Data Analysis,No
2022,SE,FT,Data Engineer,100000,US,US,M,Remote,Data Engineering,No
2022,SE,FT,Data Engineer,25000,US,US,M,Remote,Data Engineering,No
2022,SE,FT,Data Analyst,126500,US,US,M,Remote,Data Analysis,No
2022,SE,FT,Data Analyst,106260,US,US,M,Remote,Data Analysis,No
2022,SE,FT,Data Engineer,220110,US,US,M,Remote,Data Engineering,No
2022,SE,FT,Data Engineer,160080,US,US,M,Remote,Data Engineering,No
2022,SE,FT,Data Analyst,105000,US,US,M,Remote,Data Analysis,No
2022,SE,FT,Data Analyst,110925,US,US,M,Remote,Data Analysis,No
2022,MI,FT,Data Analyst,45807,GB,GB,M,On-site,Data Analysis,No
2022,SE,FT,Data Scientist,140000,US,US,M,Remote,Data Science,No
2022,SE,FT,Data Analyst,99000,US,US,M,On-site,Data Analysis,No
2022,SE,FT,Data Analyst,60000,US,US,M,Remote,Data Analysis,No
2022,SE,FT,Data Architect,192564,US,US,M,Remote,Data Engineering,No
2022,SE,FT,Data Architect,144854,US,US,M,Remote,Data Engineering,No
2022,SE,FT,Data Scientist,230000,US,US,M,Remote,Data Science,No
2022,SE,FT,Data Scientist,150000,US,US,M,Remote,Data Science,No
2022,SE,FT,Data Analytics Manager,150260,US,US,M,Remote,Data Analysis,No
2022,SE,FT,Data Analytics Manager,109280,US,US,M,Remote,Data Analysis,No
2022,SE,FT,Data Scientist,210000,US,US,M,Remote,Data Science,No
2022,SE,FT,Data Analyst,170000,US,US,M,Remote,Data Analysis,No
2022,MI,FT,Data Scientist,160000,US,US,M,Remote,Data Science,No
2022,MI,FT,Data Scientist,130000,US,US,M,Remote,Data Science,No
2022,EN,FT,Data Analyst,67000,CA,CA,M,On-site,Data Analysis,No
2022,EN,FT,Data Analyst,52000,CA,CA,M,On-site,Data Analysis,No
2022,SE,FT,Data Engineer,154000,US,US,M,Remote,Data Engineering,No
2022,SE,FT,Data Engineer,126000,US,US,M,Remote,Data Engineering,No
2022,SE,FT,Data Analyst,129000,US,US,M,On-site,Data Analysis,No
2022,SE,FT,Data Analyst,150000,US,US,M,Remote,Data Analysis,No
2022,MI,FT,AI Scientist,200000,IN,US,L,Remote,Machine Learning and Artificial Intelligence,Yes
